# prop_name, value
name,Generated by NeuroData's MRI Graphs (ndmg)
description,"Networks of neural interactions extracted from human patients using the Magnetic Resonance One-Click Pipeline (MROCP), where nodes are voxels of neural tissue and edges represent connections by single fibers. In a post-processing step, only the largest connected component was retained in order to eliminate noise in the network inference process.[^icon]
[^icon]: Description obtained from the [ICON](https://icon.colorado.edu) project."
citation,"['W. G. Roncal et al., \"MIGRAINE: MRI Graph Reliability Analysis and Inference for Connectomics.\" Global Conference on Signal and Information Processing (GlobalSIP), 313-316 (2013)., https://doi.org/10.1109/GlobalSIP.2013.6736878']"
url,https://awesome.cs.jhu.edu/graph-services/download/
tags,"['Biological', 'Connectome']"
date,Tue Feb 23 22:16:10 2016
version,0.0.11
website,http://neurodata.io
